{"assets/icons/Back%20ICon.svg":["assets/icons/Back%20ICon.svg"],"assets/icons/Bell.svg":["assets/icons/Bell.svg"],"assets/icons/Bill%20Icon.svg":["assets/icons/Bill%20Icon.svg"],"assets/icons/Call.svg":["assets/icons/Call.svg"],"assets/icons/Camera%20Icon.svg":["assets/icons/Camera%20Icon.svg"],"assets/icons/Cart%20Icon.svg":["assets/icons/Cart%20Icon.svg"],"assets/icons/Cash.svg":["assets/icons/Cash.svg"],"assets/icons/Chat%20bubble%20Icon.svg":["assets/icons/Chat%20bubble%20Icon.svg"],"assets/icons/Check%20mark%20rounde.svg":["assets/icons/Check%20mark%20rounde.svg"],"assets/icons/Close.svg":["assets/icons/Close.svg"],"assets/icons/Conversation.svg":["assets/icons/Conversation.svg"],"packages/cupertino_icons/assets/CupertinoIcons.ttf":["packages/cupertino_icons/assets/CupertinoIcons.ttf"],"assets/icons/Discover.svg":["assets/icons/Discover.svg"],"assets/icons/Error.svg":["assets/icons/Error.svg"],"assets/icons/Flash%20Icon.svg":["assets/icons/Flash%20Icon.svg"],"assets/icons/Game%20Icon.svg":["assets/icons/Game%20Icon.svg"],"assets/icons/Gift%20Icon.svg":["assets/icons/Gift%20Icon.svg"],"assets/icons/Heart%20Icon.svg":["assets/icons/Heart%20Icon.svg"],"assets/icons/Heart%20Icon_2.svg":["assets/icons/Heart%20Icon_2.svg"],"assets/images/Image%20Banner%202.png":["assets/images/Image%20Banner%202.png"],"assets/images/Image%20Banner%203.png":["assets/images/Image%20Banner%203.png"],"assets/images/Image%20Popular%20Product%201.png":["assets/images/Image%20Popular%20Product%201.png"],"assets/images/Image%20Popular%20Product%202.png":["assets/images/Image%20Popular%20Product%202.png"],"assets/images/Image%20Popular%20Product%203.png":["assets/images/Image%20Popular%20Product%203.png"],"assets/icons/Location%20point.svg":["assets/icons/Location%20point.svg"],"assets/icons/Lock.svg":["assets/icons/Lock.svg"],"assets/icons/Log%20out.svg":["assets/icons/Log%20out.svg"],"assets/icons/Mail.svg":["assets/icons/Mail.svg"],"assets/fonts/muli/Muli-Bold.ttf":["assets/fonts/muli/Muli-Bold.ttf"],"assets/fonts/muli/Muli-Light.ttf":["assets/fonts/muli/Muli-Light.ttf"],"assets/fonts/muli/Muli.ttf":["assets/fonts/muli/Muli.ttf"],"assets/icons/Parcel.svg":["assets/icons/Parcel.svg"],"assets/images/Pattern%20Success.png":["assets/images/Pattern%20Success.png"],"assets/icons/Phone.svg":["assets/icons/Phone.svg"],"assets/icons/Plus%20Icon.svg":["assets/icons/Plus%20Icon.svg"],"assets/images/Profile%20Image.png":["assets/images/Profile%20Image.png"],"assets/icons/Question%20mark.svg":["assets/icons/Question%20mark.svg"],"assets/icons/Search%20Icon.svg":["assets/icons/Search%20Icon.svg"],"assets/icons/Settings.svg":["assets/icons/Settings.svg"],"assets/icons/Shop%20Icon.svg":["assets/icons/Shop%20Icon.svg"],"assets/icons/Star%20Icon.svg":["assets/icons/Star%20Icon.svg"],"assets/icons/Success.svg":["assets/icons/Success.svg"],"assets/icons/Trash.svg":["assets/icons/Trash.svg"],"assets/icons/User%20Icon.svg":["assets/icons/User%20Icon.svg"],"assets/icons/User.svg":["assets/icons/User.svg"],"assets/icons/age.svg":["assets/icons/age.svg"],"assets/images/apple-pay.png":["assets/images/apple-pay.png"],"assets/icons/arrow_right.svg":["assets/icons/arrow_right.svg"],"assets/images/calendar.png":["assets/images/calendar.png"],"packages/progress_dialog/assets/double_ring_loading_io.gif":["packages/progress_dialog/assets/double_ring_loading_io.gif"],"packages/font_awesome_flutter/lib/fonts/fa-brands-400.ttf":["packages/font_awesome_flutter/lib/fonts/fa-brands-400.ttf"],"packages/font_awesome_flutter/lib/fonts/fa-regular-400.ttf":["packages/font_awesome_flutter/lib/fonts/fa-regular-400.ttf"],"packages/font_awesome_flutter/lib/fonts/fa-solid-900.ttf":["packages/font_awesome_flutter/lib/fonts/fa-solid-900.ttf"],"assets/icons/facebook-2.svg":["assets/icons/facebook-2.svg"],"packages/flutter_signin_button/assets/logos/facebook_new.png":["packages/flutter_signin_button/assets/logos/facebook_new.png","packages/flutter_signin_button/assets/logos/2.0x/facebook_new.png","packages/flutter_signin_button/assets/logos/3.0x/facebook_new.png"],"assets/images/fedex-express.png":["assets/images/fedex-express.png"],"assets/images/festival.png":["assets/images/festival.png"],"assets/images/food.png":["assets/images/food.png"],"assets/images/glap.png":["assets/images/glap.png"],"assets/icons/google-icon.svg":["assets/icons/google-icon.svg"],"assets/images/google-pay.png":["assets/images/google-pay.png"],"packages/flutter_signin_button/assets/logos/google_dark.png":["packages/flutter_signin_button/assets/logos/google_dark.png","packages/flutter_signin_button/assets/logos/2.0x/google_dark.png","packages/flutter_signin_button/assets/logos/3.0x/google_dark.png"],"packages/flutter_signin_button/assets/logos/google_light.png":["packages/flutter_signin_button/assets/logos/google_light.png","packages/flutter_signin_button/assets/logos/2.0x/google_light.png","packages/flutter_signin_button/assets/logos/3.0x/google_light.png"],"assets/images/logo.png":["assets/images/logo.png"],"assets/images/map.png":["assets/images/map.png"],"assets/images/mastercard-2.png":["assets/images/mastercard-2.png"],"assets/images/notification.png":["assets/images/notification.png"],"assets/images/paypal.png":["assets/images/paypal.png"],"assets/images/product%201%20image.png":["assets/images/product%201%20image.png"],"assets/images/ps4_console_blue_1.png":["assets/images/ps4_console_blue_1.png"],"assets/images/ps4_console_blue_2.png":["assets/images/ps4_console_blue_2.png"],"assets/images/ps4_console_blue_3.png":["assets/images/ps4_console_blue_3.png"],"assets/images/ps4_console_blue_4.png":["assets/images/ps4_console_blue_4.png"],"assets/images/ps4_console_white_1.png":["assets/images/ps4_console_white_1.png"],"assets/images/ps4_console_white_2.png":["assets/images/ps4_console_white_2.png"],"assets/images/ps4_console_white_3.png":["assets/images/ps4_console_white_3.png"],"assets/images/ps4_console_white_4.png":["assets/images/ps4_console_white_4.png"],"assets/images/qrcode.jpg":["assets/images/qrcode.jpg"],"assets/icons/receipt.svg":["assets/icons/receipt.svg"],"assets/icons/remove.svg":["assets/icons/remove.svg"],"assets/images/setting.png":["assets/images/setting.png"],"assets/images/shoes2.png":["assets/images/shoes2.png"],"assets/images/splash_1.png":["assets/images/splash_1.png"],"assets/images/splash_2.png":["assets/images/splash_2.png"],"assets/images/splash_3.png":["assets/images/splash_3.png"],"assets/images/success.png":["assets/images/success.png"],"assets/images/todo.png":["assets/images/todo.png"],"assets/images/tshirt.png":["assets/images/tshirt.png"],"assets/icons/twitter.svg":["assets/icons/twitter.svg"],"assets/images/visa.png":["assets/images/visa.png"],"assets/images/wireless%20headset.png":["assets/images/wireless%20headset.png"]}